{
  "load_tests": {
    "Low Load": {
      "duration": 1.0379891395568848,
      "throughput": 963.401216728431,
      "stats": {
        "response_times": {
          "mean_ms": 0.0017213821411132812,
          "median_ms": 0.0011920928955078125,
          "p95_ms": 0.0030994415283203125,
          "p99_ms": 0.010013580322265625,
          "min_ms": 0.0007152557373046875,
          "max_ms": 0.09870529174804688,
          "total_requests": 1000
        },
        "memory_usage": {
          "mean_mb": 56.876302083333336,
          "max_mb": 57.34375,
          "min_mb": 56.484375,
          "growth_mb": 0.859375
        },
        "cpu_usage": {
          "mean_percent": 13.145454545454545,
          "max_percent": 29.9
        }
      }
    },
    "Medium Load": {
      "duration": 5.217959880828857,
      "throughput": 958.2289082693685,
      "stats": {
        "response_times": {
          "mean_ms": 0.0030108928680419923,
          "median_ms": 0.0011920928955078125,
          "p95_ms": 0.0030994415283203125,
          "p99_ms": 0.010251998901367188,
          "min_ms": 0.0,
          "max_ms": 5.727052688598633,
          "total_requests": 5000
        },
        "memory_usage": {
          "mean_mb": 58.79567307692308,
          "max_mb": 60.890625,
          "min_mb": 57.34375,
          "growth_mb": 3.546875
        },
        "cpu_usage": {
          "mean_percent": 6.4980392156862745,
          "max_percent": 30.8
        }
      }
    },
    "High Load": {
      "duration": 10.414499044418335,
      "throughput": 960.1998096451422,
      "stats": {
        "response_times": {
          "mean_ms": 0.002802920341491699,
          "median_ms": 0.0021457672119140625,
          "p95_ms": 0.0059604644775390625,
          "p99_ms": 0.015974044799804688,
          "min_ms": 0.0,
          "max_ms": 0.5409717559814453,
          "total_requests": 10000
        },
        "memory_usage": {
          "mean_mb": 62.23835784313726,
          "max_mb": 65.78125,
          "min_mb": 60.890625,
          "growth_mb": 4.890625
        },
        "cpu_usage": {
          "mean_percent": 2.704950495049505,
          "max_percent": 16.7
        }
      }
    },
    "Burst Load": {
      "duration": 20.99064612388611,
      "throughput": 952.8053534874845,
      "stats": {
        "response_times": {
          "mean_ms": 0.008376193046569825,
          "median_ms": 0.0030994415283203125,
          "p95_ms": 0.01621246337890625,
          "p99_ms": 0.1430511474609375,
          "min_ms": 0.0,
          "max_ms": 3.988981246948242,
          "total_requests": 20000
        },
        "memory_usage": {
          "mean_mb": 68.95474938118812,
          "max_mb": 76.09375,
          "min_mb": 65.78125,
          "growth_mb": 10.3125
        },
        "cpu_usage": {
          "mean_percent": 2.4855721393034824,
          "max_percent": 28.8
        }
      }
    }
  },
  "memory_test": {
    "initial_memory_mb": 72.765625,
    "final_memory_mb": 77.125,
    "growth_mb": 4.359375
  },
  "accuracy_test": {
    "allowed_count": 5,
    "blocked_count": 5,
    "accuracy_percent": 100.0
  },
  "report": {
    "overall_grade": "A+",
    "recommendations": [],
    "security_features": [
      "brute_force_protection",
      "account_lockout",
      "ip_blocking",
      "admin_bypass",
      "logging"
    ]
  }
}
